109,1,1,2023-10-11,https://PayPal.com/payment/7897852067163513,0
110,2,1,2023-09-15,https://PayPal.com/payment/2142451357663110,0
111,3,1,2023-09-17,https://PayPal.com/payment/2603642533861404,0
112,4,1,2023-10-04,https://PayPal.com/payment/7056743348268017,0
113,5,1,2023-10-12,https://PayPal.com/payment/2534222055556328,0
114,6,1,2023-09-20,https://PayPal.com/payment/6226719036705472,0
115,7,1,2023-09-24,https://PayPal.com/payment/7104609388299388,0
116,8,1,2023-09-29,https://PayPal.com/payment/3076740472130808,0
117,9,1,2023-09-29,https://PayPal.com/payment/1624080145085928,0
118,10,1,2023-10-12,https://PayPal.com/payment/5743544515396431,0
119,11,1,2023-09-29,https://PayPal.com/payment/4734656473116020,0
120,12,1,2023-09-23,https://PayPal.com/payment/3285274772894689,0
121,13,1,2023-09-14,https://PayPal.com/payment/3017615574764247,0
122,14,1,2023-09-30,https://PayPal.com/payment/9540833933266243,0
123,15,1,2023-10-09,https://PayPal.com/payment/8945942479960503,0
124,16,1,2023-09-12,https://PayPal.com/payment/7339420655292981,0
125,17,1,2023-10-08,https://PayPal.com/payment/5947414592573521,0
126,18,1,2023-09-26,https://PayPal.com/payment/6635121073292446,0
127,19,1,2023-09-23,https://PayPal.com/payment/4594785175381930,0
128,20,1,2023-10-02,https://PayPal.com/payment/8106988272641522,0
129,21,1,2023-09-27,https://PayPal.com/payment/6253348367430756,0
130,22,1,2023-09-16,https://PayPal.com/payment/6283377293333030,0
131,23,1,2023-09-16,https://PayPal.com/payment/7588198509891684,0
132,24,1,2023-10-05,https://PayPal.com/payment/9733059277513883,0
133,25,1,2023-09-17,https://PayPal.com/payment/3260263708130932,0
134,26,1,2023-10-01,https://PayPal.com/payment/6533228608022774,0
135,27,1,2023-10-11,https://PayPal.com/payment/9944340421465874,0
136,28,1,2023-10-11,https://PayPal.com/payment/5353844342758111,0
137,29,1,2023-10-08,https://PayPal.com/payment/8876826079581624,0
138,30,1,2023-10-03,https://PayPal.com/payment/5228545366884169,0
139,31,1,2023-09-22,https://PayPal.com/payment/9414620520525657,0
140,32,1,2023-10-02,https://PayPal.com/payment/9495572744737495,0
141,33,1,2023-09-28,https://PayPal.com/payment/2500957045736523,0
142,34,1,2023-10-03,https://PayPal.com/payment/2557133085312306,0
143,35,1,2023-10-06,https://PayPal.com/payment/4429089045111067,0
